,Train,Test,Log Train,Log Test
0,0.9427043939590454,0.9722777137756348,-0.059002519554462014,-0.028113801569160626
1,0.9112738214492798,0.9322441463470459,-0.09291185449282642,-0.07016053900213624
2,0.8904190000534058,0.9253424353599549,-0.11606314046432213,-0.07759140958782844
3,0.8777661973953247,0.8911889915466309,-0.1303750107910392,-0.11519876227922525
4,0.8632588673591614,0.8826598386764526,-0.147040670700893,-0.12481538626172818
5,0.8590540661811829,0.87118718957901,-0.15192341813901228,-0.13789841181147558
6,0.8517087470054626,0.8799749054908752,-0.16051065683328572,-0.1278618884041295
7,0.8458395278930664,0.8728605089187622,-0.16742562070960315,-0.13597951950750448
8,0.8384210260391235,0.87361350440979,-0.17623488696178785,-0.13511721576643557
9,0.8308454668998718,0.8736445746421814,-0.1853114618287695,-0.1350816512064348
10,0.815135799407959,0.8740359134674073,-0.20440055458124404,-0.13463381324700352
11,0.7855457497596741,0.8314259285926819,-0.24137658013123833,-0.18461306598561444
12,0.75215275182724,0.8166715807914734,-0.2848158482300399,-0.20251824683389621
13,0.7125181314468384,0.7767511711120606,-0.3389499195184318,-0.25263522300228214
14,0.6778469884872437,0.7631712379455566,-0.38883369720874283,-0.2702728456882362
15,0.6471299420356751,0.725169258594513,-0.4352081668787825,-0.32135019124467507
16,0.6132746777534485,0.7060105466842651,-0.4889423557180857,-0.34812510295420757
17,0.5902255493164063,0.6738521337509156,-0.527250528158461,-0.39474457826472453
18,0.5651770004272461,0.6500174078941345,-0.570616321803621,-0.4307561350754773
19,0.5502875936508179,0.6438519487380981,-0.5973142398719625,-0.4402864725711133
20,0.5248697760581971,0.6235892305374146,-0.6446050927623462,-0.47226341177218445
21,0.5102026145458222,0.6327991247177124,-0.6729473487367487,-0.45760224571910535
22,0.49096004228591916,0.6050465416908264,-0.7113925347722476,-0.5024498954955453
23,0.4778675974845886,0.6252661714553833,-0.738421577570313,-0.4695778455758555
24,0.4736928990364075,0.5878982062339783,-0.7471960595882474,-0.5312014647199701
25,0.4519567747116089,0.600832230091095,-0.7941687348918646,-0.5094395346796329
26,0.4550343975067139,0.585496639251709,-0.787382263972786,-0.5352948359237609
27,0.43346347713470457,0.5782467761039733,-0.8359477374418824,-0.5477545531494709
28,0.4304908408164978,0.5773939456939697,-0.8428292310282599,-0.5492304972707454
29,0.41564981813430785,0.5674613025188446,-0.8779121565504073,-0.5665827213456881
30,0.4092423179626465,0.6127816615104675,-0.8934478339207627,-0.48974658673711047
31,0.4013392761230469,0.5608962588310241,-0.9129481342755468,-0.5782193124294301
32,0.390884069108963,0.571346976518631,-0.9393442614036748,-0.5597585892234371
33,0.38609297256469727,0.5603128147125244,-0.9516770769532231,-0.5792600535096258
34,0.3700528768539429,0.5634793038368225,-0.9941093731385258,-0.5736246740617558
35,0.37953556203842165,0.564447039604187,-0.9688069789256121,-0.571908718032445
36,0.36928431754112245,0.5546749544143676,-0.9961884233891696,-0.5893730045278949
37,0.3598130476474762,0.5677018001079559,-1.0221706945115507,-0.5661589979315761
38,0.35614023551940915,0.539672411441803,-1.0324307056978796,-0.6167929689857805
39,0.3435340772151947,0.5575479004383087,-1.0684689663736584,-0.5842068592700658
40,0.3454065728187561,0.5429093682765961,-1.063033083865338,-0.610812882230305
41,0.33018607420921325,0.5405347485542298,-1.1080989221915873,-0.6151963543223162
42,0.33275895767211916,0.5591403124332428,-1.1003369019426772,-0.5813548311820509
43,0.3260626035690308,0.5383470442295074,-1.120665880564059,-0.6192518631608436
44,0.32647529191970825,0.5535710315704345,-1.1194010087196733,-0.5913652034133462
45,0.31928465394973754,0.5307725019454956,-1.1416722419580863,-0.6334217827915983
46,0.31106113471984864,0.5531645567417145,-1.1677658114592775,-0.5920997507637505
47,0.3071262441635132,0.529077722787857,-1.1804963971485491,-0.6366199339315024
48,0.3014470812797546,0.5275932741165161,-1.199160796363443,-0.6394296062935554
49,0.30441359004974367,0.5289546208381652,-1.189368008624086,-0.6368526337180238
50,0.2906233295440674,0.5261384797096252,-1.2357272504623946,-0.6421908314838031
51,0.29227407982349396,0.5508247158527374,-1.230063287418583,-0.5963386404896177
52,0.2877735716819763,0.5203877367973327,-1.2455813175085009,-0.6531810975766086
53,0.2785698176383972,0.5470233693122863,-1.2780865593329014,-0.6032637547811786
54,0.27989090628623964,0.5216156432628631,-1.273355372140926,-0.6508242779013466
55,0.27475807199478147,0.5383267447948455,-1.291864306713116,-0.6192895708395689
56,0.2794294490814209,0.5314151902198792,-1.2750054365631895,-0.6322116607810477
57,0.2650705483198166,0.5233435752391815,-1.3277592683514114,-0.6475170989786642
58,0.2639271327495575,0.5270515205860138,-1.332082226246512,-0.6404569731963733
59,0.2605178010940552,0.5216809430122376,-1.3450840857892146,-0.6506990982538355
60,0.26050283472537994,0.5425366678237915,-1.3451415359846597,-0.6114996053930527
61,0.2581027265548706,0.5135035586357116,-1.3543976083657863,-0.6664983194803582
62,0.25002544317245484,0.5178963212966919,-1.3861925936085602,-0.6579802086926142
63,0.2494387447834015,0.5249522504806519,-1.3885419058237158,-0.6444479719922737
64,0.24359553775787354,0.5174534265995026,-1.412246061221093,-0.6588357548017515
65,0.24312604732513426,0.5301007606983185,-1.4141752568546564,-0.6346881759803166
66,0.23744928822517394,0.5067070481777192,-1.4378012015692039,-0.6798222566350673
67,0.24054238724708557,0.5318628959655761,-1.4248589586162563,-0.6313695372049634
68,0.23873567633628845,0.5081203446388245,-1.432398295824014,-0.6770369605644437
69,0.2302456259727478,0.510209762096405,-1.4686086008881936,-0.6729333395954513
70,0.240213028550148,0.5110283393859864,-1.4262291303819503,-0.6713302316352175
71,0.22936479091644288,0.5044140300750732,-1.4724415694300137,-0.6843578599033651
72,0.23108768558502196,0.5118624224662781,-1.4649580492097345,-0.6696993961711378
73,0.22630612630844116,0.4981286177635193,-1.4858666550853847,-0.6968969667016337
74,0.2200382949590683,0.5177614636421204,-1.5139536797820863,-0.6582406376823731
75,0.2188585919380188,0.49365365505218506,-1.5193294566321156,-0.70592111081518
76,0.21481108074188232,0.4926779572963715,-1.5379963313563436,-0.7078995490237012
77,0.21906606199741363,0.5010194535255432,-1.518381941697515,-0.6911103492588118
78,0.2124677952528,0.5006410465240478,-1.5489648538543221,-0.6918659086913309
79,0.21709597978591919,0.525653429031372,-1.5274157200679694,-0.6431131635698518
80,0.21050346450805665,0.5000989868640899,-1.558253167524562,-0.6929492264259779
81,0.20972011041641236,0.5125057849884033,-1.5619814447835112,-0.6684432802510301
82,0.20921308431625366,0.4888655138015747,-1.5644020042144358,-0.7156678502336636
83,0.2033871416568756,0.49655337023735047,-1.5926440143921348,-0.700064308348683
84,0.20452206048965454,0.5091702222824097,-1.587079434062363,-0.6749728934228368
85,0.19850966849327087,0.4937460994720459,-1.6169174722664128,-0.7057338626014604
86,0.20269352729320525,0.4973978090286255,-1.5960601584799874,-0.6983651524704925
87,0.1987550042629242,0.48638474416732785,-1.615682347083294,-0.7207553136096311
88,0.19796174368858338,0.5095985176563262,-1.6196814806497957,-0.6741320835660785
89,0.19767330663204194,0.4891918797492981,-1.621139577486313,-0.7150004743475679
90,0.18931152482032776,0.4926002035140991,-1.664361341371618,-0.7080573801530745
91,0.19605155205726624,0.48583827686309816,-1.6293776336351622,-0.7218794741159309
92,0.18494747195243835,0.49346355676651,-1.6876834296133227,-0.70630626930649
93,0.19231563251018524,0.4920084609985352,-1.6486173373867878,-0.7092593654862039
94,0.19141971132755278,0.48609881043434144,-1.6532868202734348,-0.7213433620961542
95,0.18975898156166077,0.5011657814979553,-1.6620005301683087,-0.6908183314394741
96,0.1887120587348938,0.48599981331825254,-1.6675329243839552,-0.721547039200539
97,0.18086039028167725,0.5012759871482849,-1.7100298697506602,-0.6905984570203897
98,0.1882328987121582,0.48397916984558104,-1.6700752599231659,-0.7257134107007756
99,0.17696192209720613,0.4873779413700104,-1.731820698946271,-0.71871539657061
100,0.17773880701065065,0.4908917837142944,-1.7274401826857217,-0.7115315752464356
101,0.17737636294364928,0.4805378661155701,-1.7294814595644368,-0.7328492480252414
102,0.18217099499702455,0.5064489326477051,-1.7028095000394858,-0.6803317843691643
103,0.17795732636451722,0.48201933908462524,-1.7262114969573499,-0.7297710431542159
104,0.1731791721343994,0.4991580193042755,-1.7534285433503982,-0.6948325614081423
105,0.1765858452796936,0.4937004165649414,-1.733948145328678,-0.7058263899564009
106,0.17044873716831208,0.4834622802734375,-1.7693206892358078,-0.7267819810442601
107,0.17912808928489685,0.5034982030391693,-1.719654146451345,-0.6861751357689766
108,0.17681192438602447,0.477901162147522,-1.7326686854306375,-0.7383513416212742
109,0.17265850100517274,0.4960150294303894,-1.7564396179848742,-0.7011490514453375
110,0.16866287217140197,0.4837724471092224,-1.7798533956233409,-0.7261406334217324
111,0.16315944781303407,0.48740333700180055,-1.813027348866564,-0.7186632912781523
112,0.16907828702926636,0.48300366902351377,-1.7773934344605697,-0.7277310290364416
113,0.16285825486183167,0.47642801809310914,-1.8148750585732543,-0.7414386311121597
114,0.16987507553100586,0.4766624476909637,-1.772691961883962,-0.7409466954334423
115,0.16442415854930878,0.47717895674705507,-1.80530585734281,-0.7398636870755059
116,0.16341420350074767,0.4857506937980652,-1.811467175604792,-0.7220597624228486
117,0.16230803339481353,0.4732697172164917,-1.8182593084911365,-0.7480898263343113
118,0.15832718825340272,0.499973406791687,-1.8430915753999138,-0.693200368391019
119,0.16088872127532958,0.48418033647537234,-1.8270423251702221,-0.7252978456386697
120,0.15226311925649644,0.4798506760597229,-1.88214520693209,-0.7342803150214561
121,0.15867602682113646,0.4784709143638611,-1.8408907225886322,-0.7371598549651163
122,0.15852439777851104,0.47120984601974486,-1.8418467683087234,-0.7524517512354288
123,0.1592845012664795,0.48985751366615293,-1.8370633595396215,-0.7136407186010426
124,0.16047647223472594,0.4695984568595886,-1.8296079375953394,-0.7558772965477794
125,0.15709466452598572,0.4794214336872101,-1.8509066965761871,-0.7351752485795153
126,0.15451875402927398,0.469439272403717,-1.8674398047081924,-0.756216333952637
127,0.15345072467327117,0.4771427111625671,-1.8743757753907482,-0.7399396480134667
128,0.15676193594932555,0.485412163734436,-1.853026955960917,-0.7227569268061753
129,0.15566123857498168,0.4772882950305939,-1.8600731805573187,-0.7396345785674592
130,0.15176963887214662,0.4712288784980774,-1.8853914414546251,-0.7524113613876011
131,0.147759006357193,0.4691557145118713,-1.9121726678214448,-0.7568205517556839
132,0.14690964653491975,0.49061170625686645,-1.9179375306001107,-0.7121022863399605
133,0.1517805732011795,0.4735998544692993,-1.8853193984870849,-0.7473925026984962
134,0.14483706268072127,0.46770123529434204,-1.932145874042327,-0.7599255730428757
135,0.15035273928642273,0.46898593282699585,-1.894771150316013,-0.7571825049579761
136,0.15116619119644165,0.47554131722450255,-1.889375443437764,-0.7433015086065028
137,0.15049805133342742,0.4669326078891754,-1.8938051428276805,-0.7615703403152154
138,0.14380974800586702,0.46630990266799927,-1.9392640473566654,-0.7629048387045319
139,0.14341062741279603,0.48235639214515685,-1.9420432432921033,-0.7290720353643252
140,0.14329998358488083,0.4745990877151489,-1.9428150586987445,-0.745284857200718
141,0.13752716903686524,0.4679108214378357,-1.9839337883990522,-0.7594775537051784
142,0.14394016754627229,0.4749686551094055,-1.9383575689023762,-0.7445064663682386
143,0.14317471668720244,0.4683676600456238,-1.9436895994909562,-0.7585016930972995
144,0.14331776831150056,0.4795957729816437,-1.942690958034882,-0.7348116695005545
145,0.14440057430267333,0.46314932012557986,-1.9351640753659922,-0.7697057712188794
146,0.14291573436260224,0.4887464690208435,-1.9455000926017378,-0.7159113922184415
147,0.1398858314871788,0.46997509980201724,-1.9669286784424729,-0.7550755648261214
148,0.13587200672626495,0.46991212129592896,-1.9960419633969244,-0.7552095777263265
149,0.1387110469341278,0.4699144742488861,-1.975362308588332,-0.7552045705197454
150,0.13345723457336425,0.46981141114234926,-2.0139741927361636,-0.7554239176901326
151,0.13800875337123872,0.47563180232048036,-1.9804381656101766,-0.7431112486119941
152,0.1328277492761612,0.4652012026309967,-2.018702108375161,-0.7652852731496609
153,0.13849719140529632,0.47080430364608766,-1.9769052322224792,-0.7533127625033695
154,0.1375546764612198,0.46220959615707397,-1.9837337939254334,-0.7717368194424667
155,0.13445903453826905,0.4700118045806885,-2.0064957022565606,-0.754997468464313
156,0.13781367169618605,0.480473048210144,-1.9818527112732702,-0.7329841432788918
157,0.1345301869869232,0.4705257115364075,-2.0059666665583253,-0.7539046741885825
158,0.13643374987840654,0.47382685828208926,-1.991916131053155,-0.7469133019031657
159,0.1318214222431183,0.4640387990474701,-2.026307134134032,-0.7677871116149362
160,0.1292635727405548,0.4688532993793488,-2.0459017595745848,-0.7574653539665835
161,0.13017969982624053,0.4639727897644043,-2.038839476676777,-0.7679293712245636
162,0.12700000731945038,0.4657104949951172,-2.06356813489008,-0.7641910932908603
163,0.13428234262466432,0.4741931073665619,-2.0078106612028166,-0.746140640744193
164,0.12687705581188202,0.460074360370636,-2.0645367258739546,-0.7763671495837879
165,0.13016020483970642,0.468082067489624,-2.0389892423194707,-0.7591116405540749
166,0.12995389425754547,0.4610512366294861,-2.040575550990472,-0.7742460997980329
167,0.12838966901302337,0.48145437574386596,-2.052685350363437,-0.7309438066594722
168,0.12868769507408143,0.46400523734092713,-2.05036677832092,-0.7678594394468959
169,0.12673472321033477,0.4683398926258087,-2.0656591707149596,-0.7585609803737692
170,0.1313413411140442,0.47484932231903076,-2.0299556872615128,-0.7447577414416494
171,0.12439467425346375,0.46307836270332337,-2.084295911060828,-0.7698589893178648
172,0.1309874230146408,0.467766273021698,-2.0326539679118287,-0.7597865244348107
173,0.1263389659166336,0.45980641269683836,-2.0687867784696197,-0.776949720041223
174,0.12445059905052185,0.4723255271911621,-2.0838464365961773,-0.7500868548614937
175,0.12123137892484664,0.4595140988826752,-2.1100543368360807,-0.7775856545609744
176,0.11893042449951172,0.4674144902229309,-2.129216624926964,-0.7605388555972675
177,0.1311923994779587,0.46367357206344606,-2.0310903349584444,-0.7685744828180502
178,0.11742663476467133,0.4664352598190308,-2.141941525388925,-0.7626360468483467
179,0.12288905011415481,0.469342711687088,-2.0964733622772687,-0.7564220488440727
180,0.11956822912693024,0.45958742952346804,-2.1238681155063106,-0.7774260842878716
181,0.12355208809375763,0.46052917623519896,-2.0910924458910016,-0.7753790675626323
182,0.1272654325246811,0.46373736357688905,-2.061480353697281,-0.7684369137834569
183,0.12257968969345093,0.4725811471939087,-2.0989939323892424,-0.7495458067010526
184,0.12635011254549028,0.4534463472366333,-2.0686985544044423,-0.7908783246141512
185,0.12109351732730865,0.4599754400253296,-2.1111921614223585,-0.7765821821736434
186,0.12166480581760407,0.4632514672279358,-2.1064855088345493,-0.7694852465730364
187,0.11658407320976258,0.4554334669113159,-2.1491426077937357,-0.786505639007196
188,0.1211043658733368,0.47590232515335085,-2.1111025772699947,-0.7425426450646315
189,0.12165768375396728,0.4554285588264465,-2.106544048952656,-0.7865164157982593
190,0.12046746412515641,0.46284097647666933,-2.1163755697700632,-0.7703717472262704
191,0.12258700222969054,0.4583160390853882,-2.098934278802661,-0.7801962911660866
192,0.11811953730583191,0.459601083278656,-2.136058139267559,-0.7773963760071462
193,0.12474961811304093,0.4710658657550812,-2.081446605573303,-0.7527573523752757
194,0.11759838042259216,0.4528024134635925,-2.1404800155291777,-0.7922994220199294
195,0.11589744240045548,0.45769275999069214,-2.1550495961753833,-0.781557149689529
196,0.11545783677101135,0.4563802087306976,-2.1588498652687482,-0.7844290258023404
197,0.11437608911991119,0.4584385914802551,-2.16826323307191,-0.7799289297773117
198,0.11418635177612305,0.4556744170188904,-2.1699235004949244,-0.7859767222511422
199,0.11511982810497284,0.4560093464851379,-2.1617817095854037,-0.785241972999871
200,0.11675461614131928,0.46324504518508913,-2.1476808445310867,-0.7694991096426989
201,0.11056177506446839,0.4528999009132385,-2.2021808638775835,-0.792084147202862
202,0.11464357706308365,0.4637723460197449,-2.1659272933750082,-0.768361480734055
203,0.11446278954744339,0.45185995173454285,-2.1675054909243734,-0.7943829884558966
204,0.11314096542596817,0.46189648246765136,-2.1791207560827788,-0.7724144769293019
205,0.1168685519695282,0.4535699255466461,-2.146705463209421,-0.7906058304715747
206,0.1082117089509964,0.45761538910865784,-2.223665702611389,-0.7817262094368823
207,0.11539349684715271,0.4593311049938202,-2.1594072796402934,-0.7779839673355361
208,0.1120538199543953,0.45524757385253906,-2.1887759878000583,-0.7869138896526751
209,0.1130074093222618,0.45682790684700014,-2.1803018931958085,-0.7834485304595318
210,0.10889913928508758,0.4521609106063843,-2.2173331527926607,-0.7937171655849938
211,0.11035759134292603,0.4524640963077545,-2.2040293553249635,-0.7930468641663844
212,0.11551575379371642,0.47046238470077517,-2.15834836183905,-0.7540392706536837
213,0.11280332369804383,0.46003786182403567,-2.182109474944085,-0.7764464845730187
214,0.11723763827085495,0.4669995999336243,-2.1435523077396943,-0.7614268779867881
215,0.10556584658622742,0.44873223066329954,-2.2484203825012123,-0.8013289373713355
216,0.10976324545145034,0.4580460915565491,-2.2094295468242637,-0.780785463345122
217,0.1096478643655777,0.4513519763946533,-2.2104812811380325,-0.7955078083959966
218,0.1085645294547081,0.4684931974411011,-2.22041054127222,-0.758233697278656
219,0.111842679977417,0.45511975812911987,-2.190662038181652,-0.7871946899840772
220,0.10950298447608947,0.44841068744659424,-2.211803474607604,-0.8020457534415126
221,0.11399652183055878,0.4586111235618591,-2.171587341311345,-0.7795526533752591
222,0.10654534454345703,0.45372906351089476,-2.2391846140860387,-0.7902550354904277
223,0.10989183921813965,0.46028141713142395,-2.208258676761557,-0.7759172001852124
224,0.10523170362710953,0.4539514365196228,-2.251590658803215,-0.7897650546807276
225,0.107393883228302,0.45359880018234255,-2.2312520517108125,-0.7905421716727488
226,0.10922122017145157,0.45421397137641906,-2.2143799106353868,-0.7891868893777401
227,0.10428668385744094,0.457254031419754,-2.2606115966751004,-0.7825161750857224
228,0.10832719295024872,0.4552119362354279,-2.2225990673861498,-0.7869921745554841
229,0.10559826231002807,0.4519763860702515,-2.2481133632428287,-0.794125343722038
230,0.1041098530292511,0.45321043181419374,-2.262308658183619,-0.7913987319683229
231,0.10498467427492142,0.4520265173912048,-2.25394089876417,-0.7940144340760341
232,0.10317398188114166,0.4560997066497803,-2.2713385712754683,-0.7850438384355283
233,0.10494539785385132,0.44692368793487547,-2.2543150845216466,-0.8053674194466065
234,0.10388391709327698,0.4475131468772888,-2.264481185031003,-0.8040493632020318
235,0.10802094492912293,0.44751437067985533,-2.2254301361318714,-0.804046628531773
236,0.10169257826805114,0.4539730679988861,-2.2858009553058807,-0.7897174042887407
237,0.1052210196018219,0.46126843166351317,-2.2516921925361393,-0.7737751241796905
238,0.1050594871520996,0.44914277267456054,-2.253228544944539,-0.8004144625539168
239,0.10248237736225128,0.4528249402046204,-2.278064423358175,-0.7922496736528085
240,0.10340738246440888,0.44800851559638977,-2.269078922315178,-0.8029430387201464
241,0.10146503715515137,0.44872854042053223,-2.288041001366396,-0.8013371611129991
242,0.1047986897945404,0.4590199658870697,-2.255714009133838,-0.7786615712029914
243,0.10067357544898987,0.4491940588951111,-2.2958719223423487,-0.8003002821734537
244,0.10323592660427093,0.46335865354537964,-2.2707383605060976,-0.7692538950789852
245,0.09809354971647262,0.4547366042137146,-2.3218336666982466,-0.7880369194917499
246,0.09946490461826324,0.45242081832885744,-2.307950414441394,-0.7931425182727354
247,0.10057850422859192,0.45323646593093875,-2.2968167198085148,-0.7913412898460829
248,0.09674841367006302,0.4498372066020966,-2.335641343381724,-0.7988695247762821
249,0.09798850493431091,0.44963837242126464,-2.322905103780012,-0.7993116361325161
250,0.09448761116266251,0.4463864941596985,-2.359286551884444,-0.8065701233913247
251,0.10377184454202652,0.47725126028060916,-2.265560592231163,-0.7397121756660755
252,0.10109597766399384,0.44796464347839354,-2.2916849394643566,-0.8030409704887199
253,0.10325547904968262,0.4478377056121826,-2.2705489826924476,-0.803324376459221
254,0.1033925301194191,0.45014807081222535,-2.269222562076237,-0.7981787040922266
255,0.09719389239549636,0.4348916437625885,-2.3310474049272525,-0.8326583737213624
256,0.10027534757852555,0.4500591835975647,-2.2998354010789686,-0.7983761857599516
257,0.09882352588176728,0.4491326990127563,-2.3144195863612613,-0.8004368914459931
258,0.1025834981918335,0.46162833642959594,-2.277078195517924,-0.7729951782599078
259,0.0967909931898117,0.4474439415931702,-2.335201334588409,-0.8042040192970515
260,0.09845964521169663,0.45026263570785524,-2.3181085080335837,-0.7979242315600398
261,0.09860538363456726,0.446597226858139,-2.316629418107854,-0.8060981490486968
262,0.0959147600054741,0.44800338029861453,-2.3442953985553974,-0.8029545012862102
263,0.09814860717058181,0.4523019971847534,-2.3212725491847914,-0.7934051868884701
264,0.09326168578863143,0.44267973947525024,-2.372345911541537,-0.8149087061028255
265,0.09567098256349564,0.44890240526199343,-2.3468402390040914,-0.8009497750843161
266,0.09080139300823212,0.4446249895095825,-2.3990806519922154,-0.8105240723073724
267,0.09495177731513978,0.46054033875465394,-2.3543861234668046,-0.7753548293932566
268,0.09504369473457336,0.44294291687011716,-2.3534185485492234,-0.8143143730632896
269,0.09721009831428527,0.44860845851898196,-2.33088068078988,-0.8016048017037894
270,0.10127853465080261,0.4416381878852844,-2.2898807889887003,-0.8172643115685989
271,0.09783215765953064,0.44842586779594423,-2.3245019455630174,-0.8020119003402698
272,0.09430779526233674,0.45168945217132567,-2.3611914282593873,-0.7947603879970923
273,0.09236147574186325,0.44264788579940795,-2.3820453164742577,-0.8149806651718676
274,0.09327561867237091,0.44936733961105346,-2.3721965271188803,-0.7999145974147307
275,0.09519459202289582,0.4433547043800354,-2.3518321452805537,-0.8133851422277879
276,0.09539606076478958,0.45349974632263185,-2.349717993154119,-0.7907605688038787
277,0.09916954591274262,0.4434926929473877,-2.3109243086718414,-0.8130739532478536
278,0.09168481125831604,0.4477253634929657,-2.389398548571599,-0.8035752624630809
279,0.09486325982809067,0.4443175106048584,-2.355318794500648,-0.8112158581471697
280,0.09025178643465043,0.4435373775959015,-2.4051518876752955,-0.8129732021007718
281,0.0953490008354187,0.4591435146331787,-2.350211425905991,-0.7783924497459179
282,0.09118103334903717,0.4458650758266449,-2.394908371194191,-0.8077388932987116
283,0.09262511647939682,0.4528898000717163,-2.3791949378293293,-0.7921064500431607
284,0.09759479550123215,0.44556077766418456,-2.3269311117673643,-0.8084216156431184
285,0.0914582885503769,0.4427815339565277,-2.391872273475124,-0.8146787819157826
286,0.09334616029262542,0.45030363321304323,-2.371440542217168,-0.7978331832793498
287,0.08934176185131074,0.44181631660461423,-2.4152862425081483,-0.8168610565716785
288,0.09143520851135253,0.45283767294883726,-2.3921246612255653,-0.7922215555787425
289,0.09122036368846893,0.4432638583183289,-2.3944771207686997,-0.8135900692749906
290,0.09025947065353393,0.44881711626052856,-2.405066749285457,-0.8011397876654769
291,0.09580572938919067,0.44175914907455444,-2.3454327900609346,-0.8169904570187487
292,0.09160301512479782,0.4442181887626648,-2.3902910916341957,-0.8114394211231492
293,0.09453509647846221,0.45381819987297056,-2.358784122124642,-0.7900586019470549
294,0.09236468346118927,0.44531008863449095,-2.3820105870202357,-0.808984411095959
295,0.09405770287513733,0.4518835039138794,-2.3638468246735407,-0.7943308670730093
296,0.09017648348808288,0.442327965259552,-2.405986601115402,-0.8157036692027896
297,0.09278608924150467,0.45181680154800413,-2.3774585508409927,-0.794478487618434
298,0.09316301655769348,0.44327355098724364,-2.373404454094208,-0.8135682029243698
299,0.08996290690898895,0.44568139386177064,-2.408357839062832,-0.8081509457799185
300,0.0944348955631256,0.45696491384506227,-2.35984461774773,-0.7831486659913802
301,0.09219197858572006,0.4416073336601257,-2.383882152359202,-0.8173341771369343
302,0.09392175398468972,0.4627421395778656,-2.3652932477712625,-0.7705853139983195
303,0.09223901753425598,0.44318045473098755,-2.383372054267824,-0.8137782448577309
304,0.08930935575962066,0.43719956040382385,-2.4156490288425285,-0.8273655281609913
305,0.09190096895694733,0.4464526877403259,-2.3870437060749112,-0.8064218467876751
306,0.08649610691070557,0.4437079257965088,-2.4476558728697926,-0.8125887577942069
307,0.0884516494512558,0.44699502086639403,-2.425299210147104,-0.805207823431963
308,0.08666493227481842,0.44542573976516725,-2.4457059490485995,-0.8087247356060128
309,0.08784998308420182,0.4497919147014618,-2.4321246569022446,-0.7989702149375953
310,0.08842534255981445,0.4415418448448181,-2.4255966698826663,-0.81748248461889
311,0.08781192175149917,0.44821586084365844,-2.432558004512062,-0.8024803303707225
312,0.09208188440799712,0.4472511305809021,-2.3850770498778573,-0.8046350287465268
313,0.08890720446109772,0.4439325156211853,-2.420162099688504,-0.8120827199460204
314,0.09055934201478959,0.44767306089401243,-2.401749930291407,-0.8036920877725482
315,0.09004260547161103,0.4393306221961975,-2.407472326538511,-0.8225030236321822
316,0.09519993963241577,0.4538053765296936,-2.351775971298298,-0.7900868589108694
317,0.08983391077518463,0.4393808093070984,-2.4097927493977207,-0.822388794753039
318,0.08606917035579681,0.4442701697349548,-2.4526039995469855,-0.8113224112110841
319,0.08986123048067093,0.43645396518707275,-2.409488682125719,-0.8290723727530963
320,0.0885512292265892,0.44096772861480715,-2.4241740331264467,-0.8187835839571143
321,0.08729249877929687,0.44691033744812014,-2.438490744464088,-0.8053972918532887
322,0.08378658360242844,0.44523201394081113,-2.479482384521191,-0.8091597530447654
323,0.08625978518724442,0.4409238667488098,-2.4503917780594846,-0.818883056196705
324,0.08716641360521317,0.4426061964035034,-2.4399361873401544,-0.8150748514552715
325,0.08261192610263825,0.43777989625930785,-2.493601225068364,-0.8260390148670779
326,0.0871210492014885,0.44377780508995057,-2.4404567572540037,-0.812431280797892
327,0.08393312023878098,0.4386645543575287,-2.477734984898096,-0.8240202710709652
328,0.08954700503349304,0.4451377553939819,-2.412991595663477,-0.8093714820374327
329,0.08682156794071197,0.44152528953552245,-2.443900209601891,-0.8175199796374522
330,0.08947155845165253,0.4467072329521179,-2.413834486868038,-0.8058518587871251
331,0.08714328179359436,0.4363887670040131,-2.44020159784072,-0.8292217654919629
332,0.08829507985115051,0.4417077398300171,-2.427070893749708,-0.8171068377122213
333,0.08387019225358963,0.4400878610610962,-2.478485005707657,-0.8207808877743082
334,0.08155303076505661,0.437796799659729,-2.5065017861046965,-0.8260004039709633
335,0.08853708900213242,0.44127745819091796,-2.42433372998989,-0.8180814444760094
336,0.08495505607128143,0.4376865439414978,-2.4656329144330806,-0.8262522779092167
337,0.08800815926790237,0.4528115742206574,-2.430325749848631,-0.7922791909784708
338,0.08126133558750152,0.4367089493274689,-2.5100849525804962,-0.8284883256219007
339,0.08163414242267608,0.44512528777122495,-2.505507692479386,-0.809399490889094
340,0.08407787090539932,0.4375497291088104,-2.476011874981922,-0.8265649131095952
341,0.08332626098394394,0.43517961859703064,-2.484991521582182,-0.8319964168049214
342,0.08519399201869965,0.449205738067627,-2.4628243638456975,-0.800274282228761
343,0.08207002081871033,0.43942507886886595,-2.500182483670385,-0.8222880454012182
344,0.08399058282375335,0.44593227553367615,-2.477050595664566,-0.8075881870714372
345,0.08164296934604645,0.44370032000541687,-2.50539957048625,-0.8126058993773014
346,0.08140108067989349,0.44570833802223203,-2.5083667298960024,-0.8080904915038464
347,0.08348370430469514,0.4419437277317047,-2.483103824198736,-0.816572717833602
348,0.08144389187097549,0.44516983795166015,-2.5078409391221435,-0.8092994113105695
349,0.08446076973676682,0.434832878112793,-2.4714681158928764,-0.8327935099591178
350,0.07831763623952866,0.4337569768428802,-2.5469824620180814,-0.8352708629100715
351,0.08065192651748657,0.44706719827651975,-2.5176125873126276,-0.8050463639524388
352,0.0796152801990509,0.44322865891456603,-2.53054924225457,-0.8136694820237664
353,0.08161135613918305,0.44764352798461915,-2.505786858322754,-0.8037580597645135
354,0.08379123125076295,0.43644194984436036,-2.4794269159815183,-0.829099902593725
355,0.08151876282691956,0.43521327114105224,-2.506922066496377,-0.8319190895555031
356,0.08443793396949768,0.43704011344909666,-2.4717385237397953,-0.8277302953095523
357,0.08135940965414047,0.4374848432540894,-2.508878783239882,-0.8267132177752377
358,0.0826856523513794,0.45776945805549624,-2.4927091823134777,-0.7813895882905513
359,0.0809748431444168,0.43776367378234865,-2.513616751013168,-0.8260760717938058
360,0.08110264091491699,0.435510133266449,-2.5120397547051723,-0.8312372148398441
361,0.0812546909213066,0.4419615950584412,-2.510166725022776,-0.8165322896875591
362,0.07906049959659577,0.4376221430301666,-2.537541901925421,-0.8263994280801358
363,0.0828510225892067,0.44085024547576906,-2.490711192527839,-0.8190500406254632
364,0.08073917242288589,0.4410920844078064,-2.5165314135122028,-0.8185016171517181
365,0.08610296020507813,0.4501933324337006,-2.452211487128105,-0.7980781608508513
366,0.08121324005126954,0.43523148488998414,-2.5106769902879065,-0.8318772402622346
367,0.08325630328655242,0.4477602379322052,-2.4858314378340487,-0.8034973730158321
368,0.08009857449531556,0.4347811551094055,-2.5244972216290362,-0.83291246618906
369,0.07892742968797684,0.4384777202606201,-2.539226460241865,-0.8244462774444821
370,0.07947347371578217,0.443348699092865,-2.5323319769524786,-0.8133986874271114
371,0.07858535875082016,0.4423614401817322,-2.543569872333258,-0.8156279931022502
372,0.08025510748624802,0.44772995591163633,-2.5225448743088004,-0.8035650052931894
373,0.07816822522878647,0.43802878856658933,-2.54889204100167,-0.8254706434446564
374,0.08014735879898072,0.4356984705924988,-2.523888353694988,-0.8308048560955676
375,0.0800038423538208,0.4313164548873901,-2.5256806160388714,-0.840913224218889
376,0.07829554641246796,0.4442793323993683,-2.547264556115566,-0.8113017873417514
377,0.08016082057952881,0.43117599868774414,-2.523720404927409,-0.84123892260687
378,0.07642026220560073,0.4379245057106018,-2.5715074058569853,-0.8257087448529427
379,0.08155923874378204,0.4363899147510529,-2.506425667015101,-0.8292191353932591
380,0.07934252960681916,0.4390301842689514,-2.533980981283221,-0.8231871113937289
381,0.07878927873373032,0.44109124755859375,-2.5409783480534025,-0.8185035143746248
382,0.0810253674864769,0.43752250432968137,-2.5129929944945624,-0.8266271360395374
383,0.07645167359113693,0.43987261056900023,-2.5710964555303013,-0.8212701154233423
384,0.08002219936847686,0.4254972047805786,-2.525451190696108,-0.8544969002486206
385,0.07528918304443359,0.4362895073890686,-2.586418805963495,-0.8294492482156312
386,0.07753587725162506,0.43345609402656554,-2.557014517463892,-0.8359647704133016
387,0.07624806561470032,0.43685658764839175,-2.573763232803951,-0.8281503124652928
388,0.07843080837726593,0.43654330158233645,-2.5455384648201655,-0.8288677068303583
389,0.07747092432975769,0.4375221838951111,-2.5578525829552947,-0.8266278684240078
390,0.0768166270017624,0.4361634111404419,-2.566334164841914,-0.8297383096579776
391,0.0772883028626442,0.43639276695251467,-2.560212656150186,-0.8292125995132019
392,0.07457456269264222,0.435760675907135,-2.5959558125925883,-0.8306620948083822
393,0.07858514460325242,0.4408866539001465,-2.54357259736834,-0.8189674572053435
394,0.07557798979282379,0.4365428955554962,-2.5825901784927803,-0.8288686369260158
395,0.07895893378257751,0.4406853802204132,-2.538827387208244,-0.8194240816794429
396,0.07618395619392394,0.43667720651626585,-2.574604387094181,-0.8285610146861929
397,0.08055317366123199,0.4485909333229065,-2.518837770244161,-0.8016438681504167
398,0.08259541594982148,0.4468470873832703,-2.4938010969707456,-0.8055388292843593
399,0.07693492587804794,0.43918202972412107,-2.564795332909304,-0.8228413055525817
400,0.07814012644886971,0.4458497288227081,-2.5492515711216908,-0.8077733146268274
401,0.07519018939733506,0.4358531093597412,-2.5877345166788284,-0.8304499975365971
402,0.07594136077165603,0.4446393599510193,-2.577793805302206,-0.8104917524658163
403,0.07368310506343842,0.4357778067588806,-2.607981745368248,-0.8306227830577515
404,0.07443381291627883,0.4371563768386841,-2.597844965704262,-0.8274643061605119
405,0.07493308026790618,0.4348551375865936,-2.591159826844071,-0.8327423203982554
406,0.07347381477355958,0.4385519104003906,-2.6108261978238043,-0.8242770924195895
407,0.07734250953197479,0.43419820618629457,-2.5595115452821564,-0.834254152853954
408,0.07530266427993774,0.4359211225509644,-2.586239762598536,-0.8302939635799336
409,0.07694332234859466,0.44668542194366456,-2.5646862015583585,-0.8059006861607063
410,0.07623297357559204,0.43520258355140684,-2.57396118579847,-0.8319436469887996
411,0.07439689273834228,0.4335987536907196,-2.5983411022848353,-0.8356357031903527
412,0.07684641869068146,0.43846095728874207,-2.565946411375775,-0.8244845081037271
413,0.07346108555793762,0.4411721293926239,-2.610999461161855,-0.8183201636057507
414,0.07713044686317444,0.42987731981277466,-2.5622571754166263,-0.8442554137620935
415,0.07383194627761841,0.4366521656513214,-2.6059637646491725,-0.8286183604385501
416,0.07375633854866027,0.4401606857776642,-2.606988341032878,-0.8206154237880383
417,0.07244049897193909,0.43323301744461057,-2.6249897579186,-0.8364795492052091
418,0.07577248287200927,0.4469364514350891,-2.5800200750392492,-0.8053388612871085
419,0.07589179933667183,0.4336081948280334,-2.5784466460480497,-0.8356139295241469
420,0.07348530544042588,0.4352268786430359,-2.610669818731809,-0.8318878237597144
421,0.07610690344572067,0.4368682370185852,-2.5756163027792143,-0.8281236464719154
422,0.07320109379291534,0.4368074884414673,-2.614544915600344,-0.8282627108305681
423,0.0783732277750969,0.4330385160446167,-2.546272892404686,-0.836928603331411
424,0.07422076916694641,0.43356256127357484,-2.600711260065384,-0.8357191765108093
425,0.07350072296857833,0.43643238353729247,-2.610460036504534,-0.8291218216872358
426,0.07385745879411697,0.4273710913658142,-2.6056182758615383,-0.8501025767426119
427,0.07256723240613937,0.431650945186615,-2.623241803305922,-0.8401380145969563
428,0.07458080568313599,0.4332609648704529,-2.5958721013515462,-0.8364150422924723
429,0.0742760554909706,0.43470743918418886,-2.5999666471525353,-0.8330820277586471
430,0.07536683203577996,0.4306834518909454,-2.5853879941743916,-0.8423819090882289
431,0.07221015112400055,0.4313390440940857,-2.6281746456809025,-0.8408608528916851
432,0.07184344960451126,0.4331506733894348,-2.6332658382608463,-0.8366696360138479
433,0.07333834662437438,0.43572270250320433,-2.612671660574882,-0.8307492414020992
434,0.07191846306324005,0.43600341272354126,-2.632222259135547,-0.8301052083161645
435,0.07221374447345734,0.43651024198532107,-2.6281248845324074,-0.8289434400938557
436,0.07172394521236419,0.4344546022415161,-2.6349306232198564,-0.8336638224936997
437,0.07495502939224243,0.4519490435123444,-2.590866953386091,-0.7941858410971988
438,0.07184812108278274,0.43489307022094725,-2.633200817351815,-0.8326550936950851
439,0.07271385560035705,0.43268935108184814,-2.621223326627213,-0.8377352424496827
440,0.07164689518213273,0.4355389828681946,-2.6360054587643407,-0.8311709737950586
441,0.06962942426800728,0.43156129217147826,-2.664568038509269,-0.8403457341161639
442,0.07402328250408173,0.4420428352355957,-2.6033756068295766,-0.8163484893024044
443,0.07174692859649658,0.43131150960922243,-2.6346102322761222,-0.8409246898294913
444,0.07329826240539551,0.4419946007728577,-2.613218375617497,-0.8164576124250714
445,0.06972612435817718,0.43157580614089963,-2.663180219988315,-0.8403121033767341
446,0.07047860787510872,0.43566375255584716,-2.652446049605066,-0.8308845429026099
447,0.0720130774974823,0.43750003242492674,-2.6309075445496837,-0.8266784990703524
448,0.07063606582283974,0.42861826467514036,-2.650214417572022,-0.8471885821162972
449,0.07444412401914596,0.4334548273086548,-2.597706448163035,-0.8359676927848616
450,0.0725781730890274,0.43106196022033694,-2.62309104851115,-0.8415034399988359
451,0.0738049953699112,0.442438866853714,-2.6063288617272593,-0.8154529780812024
452,0.06930927711725235,0.433124436378479,-2.6691765128101057,-0.8367302103294849
453,0.07178499592542649,0.434495530128479,-2.634079795163274,-0.8335696217209085
454,0.0689391112267971,0.4373231258392334,-2.674531609957995,-0.8270829387252325
455,0.06926162297725677,0.4293535208702087,-2.669864307171572,-0.8454746414309604
456,0.0768574815928936,0.4358980269432068,-2.5658024605428964,-0.8303469461458164
457,0.07148484551906585,0.4296131691932678,-2.638269802529212,-0.8448700817106104
458,0.07478754044771195,0.43572733783721923,-2.593103979430941,-0.8307386031926772
459,0.07130310645103455,0.43340900564193724,-2.640815383772764,-0.836073411041913
460,0.07305890473127365,0.43805425596237185,-2.61648924908689,-0.8254125042169913
461,0.07130553752183914,0.4327359826564789,-2.6407812894747313,-0.8376274767699459
462,0.06834722609519958,0.43362143325805663,-2.6831543004660157,-0.835583399132667
463,0.07021549993157387,0.4279947295188904,-2.656186195576319,-0.8486443976843607
464,0.06831266093254089,0.43569669580459597,-2.6836601572195597,-0.8308089295354287
465,0.07052723233699798,0.44995653223991394,-2.6517563694649597,-0.7986042959057847
466,0.0686385616183281,0.4300093574523926,-2.6789007794659367,-0.8439483090141152
467,0.07197036665678025,0.4279576301574707,-2.631500818897379,-0.8487310832598453
468,0.07181462707519531,0.42933478093147276,-2.63366710396576,-0.8455182892568353
469,0.06983667733669281,0.4337154197692871,-2.661595943944893,-0.8353666747740275
470,0.07074032963514328,0.44431065607070924,-2.6487394354030602,-0.8112312853740039
471,0.06844301253557206,0.43756305146217345,-2.681753813750191,-0.8265344659405905
472,0.07176635434627533,0.434574982881546,-2.634339515175948,-0.8333867763657873
473,0.06927562528848648,0.4313845691680908,-2.669662162095751,-0.8407553148645637
474,0.07065567867159843,0.4329186022281647,-2.6499367955643836,-0.8372055542674057
475,0.0698139841079712,0.4311515953540802,-2.6619209438938602,-0.841295521360845
476,0.0687582803606987,0.42809575009346007,-2.6771581080778017,-0.848408393249212
477,0.07088376393318176,0.4353421154022217,-2.646713871200444,-0.8316230848116308
478,0.06925523825883866,0.4301536662578583,-2.669956494048544,-0.8436127707432485
479,0.07086269456148148,0.4290847115516663,-2.647011153715707,-0.8461009167229406
480,0.06548717153072357,0.4288086562156677,-2.7259010100156966,-0.8467444823591803
481,0.06862442908883094,0.43293796157836917,-2.679106698475486,-0.8371608370451383
482,0.06848641686439515,0.43154072427749635,-2.681119847327238,-0.8403933945168902
483,0.06847894326448441,0.43310446047782897,-2.6812289785690515,-0.8367763318586238
484,0.07001084542274474,0.44344433283805845,-2.6591051143232662,-0.8131830029503042
485,0.06632032558918,0.43232805824279785,-2.713258858800743,-0.8385705848512685
486,0.06784146313667297,0.4358941497802734,-2.6905817202683138,-0.8303558408412196
487,0.0671870614528656,0.4297771353721619,-2.700274587894621,-0.8444884944853122
488,0.06706143050193787,0.4312384581565857,-2.7021462064993695,-0.8410940746895954
489,0.06857607593536377,0.43051913189888,-2.6798115523746833,-0.8427635149894476
490,0.06794494889974594,0.4310867643356323,-2.689057476692586,-0.8414458997749842
491,0.06878245639801026,0.4306215419769287,-2.676806560774359,-0.8425256674887122
492,0.06551580867767334,0.42773295545578005,-2.725463811604479,-0.8492562139802977
493,0.06981350419521332,0.43746122002601623,-2.6619278180812245,-0.826767217053754
494,0.06681020745038986,0.4291088628768921,-2.705899403969646,-0.8460446326258515
495,0.06953660591840743,0.42431010723114015,-2.665901961209206,-0.8572907061027287
496,0.06705815725326537,0.42953390765190125,-2.7021950173960914,-0.8450545938709322
497,0.06672027890682221,0.43376072907447816,-2.7072463406822562,-0.835262212408595
498,0.06815869660377502,0.43058124828338623,-2.6859165192411134,-0.8426192428789165
499,0.06538713549375534,0.4310772075653076,-2.727429744856398,-0.8414680690389214
500,0.07002096921205521,0.4307660565376282,-2.658960521619751,-0.8421901284995171
501,0.06687616925239563,0.4317954573631287,-2.7049125897708404,-0.8398032811903747
502,0.06908106567263603,0.43763186168670654,-2.672474599177657,-0.8263772204547197
503,0.06704255669116974,0.42898941230773924,-2.702427686734041,-0.8463230402940145
504,0.06833335590362549,0.4222217240333557,-2.6833572582149348,-0.862224690525575
505,0.06862817261815071,0.43025895166397093,-2.67905214899119,-0.843368038380089
506,0.06744097681045533,0.4359056348800659,-2.6965024812526344,-0.830329492819586
507,0.06705832651853562,0.4335401952266693,-2.7021924932429746,-0.8357707645071403
508,0.06634090046882629,0.43572408723831174,-2.7129486720125966,-0.8307460633879652
509,0.06750472102165223,0.4310645899772644,-2.6955577424879005,-0.8414973393702754
510,0.06630273241996765,0.42734768843650817,-2.713524169668697,-0.8501573384487191
511,0.06637833619117736,0.433137943983078,-2.7123845379158973,-0.8366990243865045
512,0.06857305436134338,0.43044863629341124,-2.6798556149803203,-0.8429272739784149
513,0.06634628571867943,0.4335011246204376,-2.7128674998962703,-0.8358608884847728
514,0.06755190133452416,0.4276804146766663,-2.694859067902855,-0.8493790569963513
515,0.06323402681946755,0.42912907457351684,-2.76091272367188,-0.8459975321756231
516,0.06527581777572632,0.4297999243736267,-2.72913363631416,-0.8444354707308698
517,0.06596002461910248,0.4294491991996765,-2.7187064080478964,-0.8452518234830716
518,0.06517805631160736,0.4325470471382141,-2.7306324263363595,-0.8380641790159433
519,0.06769467389583587,0.4311032063961029,-2.6927477743029495,-0.8414077595482807
520,0.06447415424585343,0.4285014300346375,-2.7414908448524753,-0.8474612036461666
521,0.06702617371082306,0.44029574728012083,-2.7026720834756093,-0.8203086249540585
522,0.06563792426586151,0.42953947067260745,-2.72360163626664,-0.8450416426589714
523,0.0695021337211132,0.4427097554206848,-2.6663978258594456,-0.814840903298254
524,0.06670350801944733,0.4292784602642059,-2.707497733448862,-0.8456494790979544
525,0.0667991562962532,0.42815095400810244,-2.7060648288149105,-0.8482794493024396
526,0.06570483306646346,0.4234772162437439,-2.7225827935417155,-0.8592555650533019
527,0.0637141607284546,0.4322295446395874,-2.7533484376803368,-0.8387984785238435
528,0.06550356992483139,0.43379275989532473,-2.7256506351569656,-0.8351883706887049
529,0.06540970852971077,0.4317606954574585,-2.727084583069842,-0.8398837899229578
530,0.06487525546550751,0.4297028651237488,-2.7352889996925462,-0.8446613204930263
531,0.06440861186981202,0.4273689255714416,-2.742507930125656,-0.8501076444692415
532,0.06516705533266068,0.4294182472229004,-2.7308012240585606,-0.8453238997433105
533,0.06696231170892715,0.4274334011077881,-2.70362532966735,-0.849956789623726
534,0.06371775167584419,0.4314946336746216,-2.7532920789971342,-0.8405002049795065
535,0.0648231828212738,0.4323831057548523,-2.736091980017051,-0.8384432648525898
536,0.06519678342342376,0.4337499284744263,-2.7303451452630596,-0.8352871126215399
537,0.06623136224150658,0.4353342251777649,-2.7146011783515145,-0.8316412091687294
538,0.06396151738762855,0.430211008310318,-2.7494736672885915,-0.8434794736560026
539,0.06502460862994194,0.43956641292572024,-2.732989486428442,-0.8219664630892354
540,0.06634268414974212,0.43150164604187013,-2.71292178577914,-0.8404839537686647
541,0.06527679094672204,0.431851398229599,-2.729118727826229,-0.8396737354942692
542,0.06691892504692078,0.4334248104095459,-2.7042734662483454,-0.836036945534182
543,0.06377468556165695,0.43098342084884644,-2.752398945399079,-0.8416856563262649
544,0.06413435809016228,0.44365533781051636,-2.746775051009462,-0.8127072841930579
545,0.0633587715625763,0.4275541250705719,-2.758941919880835,-0.8496743902672682
546,0.06511333081126212,0.43099333000183104,-2.7316259763644766,-0.8416626646319408
547,0.06639520359039307,0.4295885348320007,-2.71213046019327,-0.8449274241510605
548,0.062231217634677885,0.43005396342277524,-2.776898513909519,-0.8438445818364994
549,0.06484520491361619,0.43242884111404417,-2.735752312146743,-0.8383374953627021
550,0.0656454671382904,0.4288761670589447,-2.7234867264923492,-0.8465870565972119
551,0.06469484868049621,0.4327838099002838,-2.7380736991844774,-0.8375169599585109
552,0.06293076771497727,0.43090723514556883,-2.7657200820106804,-0.8418624437248663
553,0.06364866663217544,0.4295083005428314,-2.75437690263215,-0.8451142116844299
554,0.06422140171527863,0.4297344570159912,-2.745418763787269,-0.8445878028752948
555,0.0641057130098343,0.4339106667041779,-2.747221792508569,-0.8349166031562406
556,0.0651270643234253,0.42756946206092833,-2.731415081546477,-0.8496385194514262
557,0.0638722351551056,0.4247376809120178,-2.750870516638067,-0.8562835220007415
558,0.06489148427844048,0.4349542326927185,-2.735038876848286,-0.832514465629292
559,0.06129053808450699,0.4259600143432617,-2.7921298022032928,-0.8534098001621645
560,0.061473003828525545,0.4377650167942047,-2.7891571626795435,-0.8260730039060928
561,0.06237348399758339,0.4274487686157227,-2.774615029853779,-0.8499208372820338
562,0.0608790230512619,0.43050378465652467,-2.798866612678654,-0.8427991638486402
563,0.06590193980932235,0.42812936878204344,-2.719587402257088,-0.8483298655633044
564,0.06579689923524856,0.4279568591117859,-2.7211825658456084,-0.8487328849484356
565,0.06528610243797302,0.43749053621292117,-2.728976091721508,-0.8267002049317556
566,0.0619793559551239,0.4304622869491577,-2.780953917849097,-0.8428955618572672
567,0.06360575442314148,0.4311139953136444,-2.755051334377699,-0.8413827335629009
568,0.06331678268313408,0.421425306558609,-2.759604855697142,-0.8641127258826575
569,0.061990272283554075,0.42793064403533937,-2.78077780489928,-0.84879414317772
570,0.0653620051085949,0.4220725326538086,-2.7278141509848686,-0.8625781013889517
571,0.06224587320685387,0.4296790165901184,-2.7766630397006566,-0.8447168220904976
572,0.06303218433260918,0.43798864650726316,-2.764109820614019,-0.8255622901579456
573,0.06208015100359917,0.42497352361679075,-2.779328970706795,-0.8557284093705392
574,0.067060318171978,0.43433856749534605,-2.7021627933687014,-0.8339309395726592
575,0.06323615655899048,0.4283375539779663,-2.7608790439623037,-0.8478437167244159
576,0.06341900250911713,0.42783483362197877,-2.7579917383286907,-0.8490180606323553
577,0.06232780103683472,0.4251830987930298,-2.775347708154242,-0.8552353821448259
578,0.06036441488862038,0.4241815114021301,-2.8073555051360013,-0.8575938224262624
579,0.06409690181612969,0.42313199615478514,-2.74735924982534,-0.8600711009653539
580,0.06038879426717758,0.42580656814575196,-2.8069517166311844,-0.853770101217229
581,0.06231548157930374,0.4279386739730835,-2.7755453835894923,-0.8487753787762503
582,0.06102758316993714,0.42611846017837524,-2.7964293338990776,-0.8530378958325104
583,0.06220453963279724,0.42824018478393555,-2.7773272974501224,-0.8480710614008976
584,0.06293750737905503,0.4274972093105316,-2.7656129912591916,-0.8498075185552102
585,0.06147454583644867,0.4309841656684876,-2.789132078683524,-0.8416839281414636
586,0.06508815079927445,0.4303188099861145,-2.73201276170655,-0.8432289264371419
587,0.061226599025726317,0.42879485940933226,-2.7931735592824007,-0.8467766576151938
588,0.062153201556205746,0.42741381216049196,-2.778152948977998,-0.8500026199124502
589,0.06174914696216583,0.424716197013855,-2.784675117947351,-0.8563341048486763
590,0.06002975153923035,0.43181831097602846,-2.8129149806703064,-0.8397503556494837
591,0.06046541223526001,0.4305583491325378,-2.8056837760180353,-0.8426724262441283
592,0.060282664692401886,0.42631108140945434,-2.8087107009519956,-0.8525859611564812
593,0.06405168585777282,0.42689297437667845,-2.7480649300213376,-0.851221942658215
594,0.061063396322727205,0.4325291352272034,-2.7958426705113966,-0.8381055901919262
595,0.0631095508813858,0.42357523036003114,-2.7628831598526706,-0.859024141091025
596,0.06053494219183922,0.42907483649253847,-2.8045345237772263,-0.8461239312291609
597,0.06157265425920486,0.4314305694103241,-2.787537431369812,-0.8406486865957258
598,0.06064176836013794,0.42323502206802366,-2.802771376461439,-0.8598276465028591
599,0.06244769306182861,0.4297476692199707,-2.7734259836560624,-0.8445570583057983
600,0.06436727830171585,0.42725431847572326,-2.743149875903869,-0.8503758494290379
601,0.05924420195817948,0.42501717615127566,-2.826087361001145,-0.8556256964007732
602,0.06073787215948105,0.43168996810913085,-2.801187851926125,-0.8400476147978931
603,0.06263762689828872,0.4261835770606995,-2.770389112782741,-0.8528850934699539
604,0.060961430364847184,0.42686900138854983,-2.797513903888746,-0.8512781011398889
605,0.06014149679541588,0.4240672812461853,-2.8110552132144098,-0.8578631541544661
606,0.05797139587402344,0.4265440979003906,-2.8478055646721048,-0.8520395225526307
607,0.06148316239118576,0.4295283441543579,-2.788991923912011,-0.8450675463607702
608,0.0598098117351532,0.4275342481136322,-2.816585555645837,-0.8497208812676527
609,0.06136803685426712,0.4292176547050476,-2.7908661517799707,-0.8457911350896352
610,0.059836048483848575,0.4250103187561035,-2.8161469821913454,-0.8556418309263348
611,0.06108240523338318,0.42740432572364806,-2.7955314209953714,-0.8500248151290087
612,0.06252666483521462,0.431530291557312,-2.77216217586019,-0.8404175703262812
613,0.061030723798275,0.42520392274856567,-2.7963778727832134,-0.85518640690176
614,0.0631160582780838,0.4360417141914368,-2.762780052460326,-0.830017365458638
615,0.05890239234566689,0.4265289945602417,-2.8318735720753065,-0.85207493180486
616,0.061886969923973086,0.4361336286067963,-2.782445623486226,-0.8298065949605754
617,0.058008749055862424,0.42519819402694703,-2.8471614340210687,-0.8551998798729714
618,0.058959609186649324,0.42902235317230225,-2.830902659571984,-0.8462462561148121
619,0.06143077285885811,0.42445779609680173,-2.7898443827547554,-0.85694269843992
620,0.05857422559261322,0.4273136768341064,-2.837460515459058,-0.850236929275687
621,0.06013328227996826,0.4295173370838165,-2.811191809024829,-0.8450931726360252
622,0.058140019220113755,0.42580737590789797,-2.84490105326815,-0.8537682042023863
623,0.06198134999871254,0.4281569399833679,-2.7809217456607658,-0.8482654684076993
624,0.06111059254407883,0.4221423785686493,-2.7950700637701895,-0.862412631876221
625,0.05913092076778412,0.42963342809677124,-2.8280012973480266,-0.8448229266713676
626,0.059100541257858276,0.42764357376098633,-2.8285151962726265,-0.8494652019337101
627,0.057942846465110776,0.4243269429206848,-2.8482981600411263,-0.8572510290946512
628,0.060725049847364425,0.4322643623352051,-2.801398983223683,-0.8387179280529713
629,0.05832799031734467,0.42288631296157836,-2.841673192481576,-0.8606518997435025
630,0.05991057305932045,0.4270995411872864,-2.814902277595372,-0.8507381753865544
631,0.05995782330036163,0.4275173649787903,-2.814113908935685,-0.8497603715968577
632,0.05948442016839981,0.4269217891693115,-2.8220408466274254,-0.851154446067914
633,0.06153344609737396,0.4293775339126587,-2.7881744130148,-0.8454187146251869
634,0.059410393726825717,0.42478842878341677,-2.823286089354412,-0.8561640486358145
635,0.06099720446467399,0.42674710512161257,-2.7969272443069486,-0.8515637008769046
636,0.05777536345720291,0.42454583692550657,-2.8511928319335977,-0.8567353004369055
637,0.06073358334302902,0.41766492319107057,-2.801258466317565,-0.8730757870859462
638,0.059093157351017,0.42499328303337097,-2.8286401421358627,-0.8556819148099771
639,0.05854950110912323,0.43739857053756714,-2.837882709741182,-0.8269104388345054
640,0.05831955162882805,0.4288849422931671,-2.8418178794315203,-0.846566595808941
641,0.05962824964523315,0.43125053095817567,-2.8196258298712205,-0.8410660794299616
642,0.06118483847975731,0.4216059856414795,-2.793855857414668,-0.8636840844139277
643,0.05728672901391983,0.4248404803276062,-2.8596862874278153,-0.8560415209211938
644,0.05850347054004669,0.43052808237075807,-2.8386692010331287,-0.8427427252540415
645,0.055992176097631456,0.4271400408744812,-2.88254331054999,-0.8506433549448993
646,0.059740536111593245,0.4282784879207611,-2.8177444921535355,-0.8479816222839893
647,0.05825784793496132,0.4253998098373413,-2.842876467114206,-0.8547258232369245
648,0.05721050485372543,0.4284031767845154,-2.861017746169312,-0.8476905249726499
649,0.059740901547670366,0.4292561898231506,-2.817738375118383,-0.8457013592196433
650,0.05840239815711975,0.4300777096748352,-2.84039832565683,-0.8437893664484171
651,0.059848054242134095,0.43953326797485354,-2.8159463580808355,-0.8220418696707699
652,0.057222703075408936,0.42765397787094117,-2.860804552430354,-0.8494408733010945
653,0.05922655301094055,0.436996563911438,-2.826385307061742,-0.8278299468203476
654,0.05970190145969391,0.4215020258426666,-2.81839140884466,-0.8639306952821053
655,0.05598349983692169,0.42494724345207213,-2.8826982774328367,-0.8557902508168134
656,0.05963189849257469,0.42264404153823854,-2.8195646384774538,-0.8612249635694922
657,0.0562949182331562,0.4240232038497925,-2.8771510101989,-0.8579670991867642
658,0.05941869258880615,0.43228114652633665,-2.8231464120708236,-0.8386791002736083
659,0.05852934824824333,0.4244364941120148,-2.8382269710862422,-0.8569928860428692
660,0.05810380185842514,0.4220523271560669,-2.845524180803437,-0.8626259746330833
661,0.058625987815856935,0.4237171711921692,-2.836577202620217,-0.8586890954014713
662,0.05723630837798119,0.4229192066192627,-2.8605668201196592,-0.8605741190789422
663,0.05878371714353561,0.42697060775756834,-2.8338903817544185,-0.8510401024141101
664,0.05698951586484909,0.4282616584300995,-2.8648879602608175,-0.848020918727327
665,0.05818954086303711,0.42801638555526733,-2.8440496506516624,-0.8485938001255202
666,0.05529239724874496,0.4230388548374176,-2.8951198618448686,-0.860291248746702
667,0.05753601530790329,0.42702406883239746,-2.8553441740751877,-0.8509149000531014
668,0.05719179999828339,0.42802249813079835,-2.861344747546302,-0.8485795190557053
669,0.05524458525776863,0.42310127019882204,-2.8959849477712964,-0.860143719136249
670,0.05821938628554344,0.4299272952079773,-2.843536882019714,-0.8441391655019985
671,0.05562267147898674,0.4276866819858551,-2.889164400423855,-0.8493644029157504
672,0.0572670814871788,0.42658489727973936,-2.8600293144619706,-0.8519438761038278
673,0.05908528851270676,0.4275416107177734,-2.828773310892049,-0.8497036603297317
674,0.06257194895744324,0.42977987694740294,-2.7714382010241203,-0.8444821154430805
675,0.05845496096611023,0.4290510816574097,-2.839498719283218,-0.8461792956800706
676,0.05758523745536804,0.42912892293930055,-2.854489038306895,-0.8459978855290826
677,0.05806005644798279,0.4310036129951477,-2.846277348150804,-0.8416388060941566
678,0.05549296339154244,0.4259761219024658,-2.8914990520057136,-0.8533719861558775
679,0.05668556523323059,0.4227601852416992,-2.870235682084287,-0.8609501986688393
680,0.05761966794729233,0.42412271785736083,-2.853891312145339,-0.8577324367177761
681,0.05834926922321319,0.4334147891998291,-2.8413084443517653,-0.8360600667891909
682,0.05621864352226257,0.4265317130088806,-2.8785068418228947,-0.8520685584046676
683,0.05769432187080383,0.4289975080490112,-2.852596518095476,-0.8463041688145545
684,0.05802256761789322,0.43838447189331053,-2.846923247254043,-0.8246589639270228
685,0.056655715334415435,0.4312506601810455,-2.8707624080813074,-0.841065779783141
686,0.059737502682209016,0.43193741083145143,-2.8177952701779407,-0.8394745835690892
687,0.05760277500152588,0.4295575587749481,-2.8541845353309467,-0.8449995330910801
688,0.05830143463611603,0.4283854331970215,-2.8421285781048553,-0.847731943794725
689,0.05627798383831978,0.4262720777988434,-2.8774518711459405,-0.8526774563032405
690,0.05666075590252876,0.4319080243110657,-2.870673443642835,-0.839542620093221
691,0.05647066400647163,0.42766890144348146,-2.874033996796103,-0.8494059775373947
692,0.05634448528289795,0.426291134595871,-2.876270908717643,-0.8526327515898452
693,0.059094661587476734,0.4220734534263611,-2.828614687119037,-0.8625759198408128
694,0.055207022988796234,0.42419397354125976,-2.8966651057339874,-0.8575644435973082
695,0.055925242054462435,0.42525748038291933,-2.883739443417502,-0.8550604573072756
696,0.05497131541967392,0.42370038843154906,-2.9009437676219325,-0.8587287045892482
697,0.055576331210136415,0.4252145709991455,-2.8899978660199888,-0.8551613645240161
698,0.05587989208698273,0.42278419828414915,-2.8845506757515986,-0.860893399657636
699,0.055833388888835905,0.4272426700592041,-2.885383221361694,-0.8504031132267486
700,0.057726111435890196,0.42254183793067934,-2.8520456699487577,-0.8614668123995308
701,0.05519327800273895,0.4238426790237427,-2.896914108427003,-0.8583929326409089
702,0.057337262833118435,0.4250852317810059,-2.858804555398451,-0.8554655847971816
703,0.055750243538618086,0.42848772954940795,-2.886873500245745,-0.8474931771783344
704,0.05632931846380234,0.4331667351722717,-2.8765401251403224,-0.8366325554180293
705,0.05668321962952614,0.4311678080558777,-2.8702770621468434,-0.8412579188165087
706,0.05381810837984085,0.4272131910324097,-2.922145281461201,-0.8504721139280099
707,0.05685271697044372,0.4285204701423645,-2.867291268011253,-0.8474167704578753
708,0.055157828426361084,0.42736912870407107,-2.897556595462148,-0.8501071691595757
709,0.05765202483534813,0.43387995433807375,-2.853329909981034,-0.8349873860510363
710,0.05631730710268021,0.42255348324775693,-2.876753382503466,-0.8614392526277832
711,0.05596179285645485,0.4305928165912628,-2.8830860915198184,-0.8425923765150789
712,0.056241337859630584,0.4262568693161011,-2.878103243362408,-0.8527131348166691
713,0.05404079077839851,0.43067428159713744,-2.9180161327921974,-0.8424032017369202
714,0.05812845687866211,0.4276364529132843,-2.8450999436617925,-0.8494818534337573
715,0.05650361865758896,0.4242407250404358,-2.873450595843693,-0.8574542371210726
716,0.058510724210739135,0.4373240375518799,-2.8385452217036606,-0.8270808539699515
717,0.056085589599609374,0.42727401518821717,-2.880876369332391,-0.850329749816605
718,0.055781306916475294,0.43100705432891845,-2.886316467217267,-0.8416308216598539
719,0.05626403863430023,0.42304017090797424,-2.8776996933155536,-0.860288137759391
720,0.05478324315547943,0.42315553164482117,-2.904370913623282,-0.8600154804126009
721,0.05658077023029327,0.4255526678562164,-2.8720861000820155,-0.8543665598831506
722,0.05451923678517342,0.42174822282791136,-2.9092016710563855,-0.8633467713695341
723,0.05606161434054375,0.4231318519115448,-2.881303937003961,-0.860071441859605
724,0.05270342733860016,0.4259865107536316,-2.9430747906614485,-0.8533475981116885
725,0.05501816661953926,0.4282493419647217,-2.900091846113979,-0.8480496783471637
726,0.05735399723052979,0.4253887128829956,-2.8585127389597647,-0.85475190951818
727,0.05466396090984345,0.42363354420661925,-2.906550636602638,-0.8588864799892263
728,0.058780648255348206,0.4370590479373932,-2.833942589550168,-0.8276869718763861
729,0.05523876221179962,0.42726507329940794,-2.8960903581540873,-0.8503506777973845
730,0.055140498107671736,0.4276326394081116,-2.8978708399185518,-0.8494907711070532
731,0.052579486310482024,0.4267032034397125,-2.9454292294032487,-0.851666581341059
732,0.05380947692990303,0.4207638344764709,-2.9223056762137447,-0.8656835659372857
733,0.05527021409273147,0.42646504545211794,-2.8955211395651035,-0.8522248721449885
734,0.05631022948026657,0.4242897548675537,-2.8768790644217193,-0.8573386730291904
735,0.05572308874726296,0.4219874813556671,-2.8873606982389406,-0.8627796304201053
736,0.05529245455265045,0.42527553987503053,-2.895118825465933,-0.8550179910145304
737,0.058739580035209654,0.41989295911788943,-2.8346415027910234,-0.8677554594299794
738,0.055580098724365236,0.42509476375579835,-2.889930078412336,-0.8554431613695711
739,0.05647343972921372,0.4238300423622131,-2.873984844646485,-0.8584227475947507
740,0.056009565854072574,0.4224707820415497,-2.882232784012137,-0.8616349895074643
741,0.05493322417736053,0.4276445205211639,-2.9016369372394615,-0.849462988035998
742,0.056027442938089374,0.4280442991256714,-2.8819136558176015,-0.8485285861262946
743,0.052986900317668915,0.4237101216316223,-2.937710559797593,-0.8587057329598948
744,0.05441943354010582,0.4266142792701721,-2.9110339547200605,-0.8518750012355628
745,0.05181680753231049,0.4208622136116028,-2.9600407126098967,-0.8654497824516071
746,0.055106066852808,0.4327097578048706,-2.8984954626629524,-0.837688081035217
747,0.05600956620573998,0.4223902621269226,-2.8822327777334347,-0.8618256005326185
748,0.05356612991690635,0.4252656607627869,-2.926838315176528,-0.8550412211937073
749,0.05495316895842552,0.4215447375774384,-2.901273929942291,-0.8638293681988127
750,0.05295632008314133,0.42377116799354553,-2.938287854602512,-0.8585616675680658
751,0.05467557535767555,0.4302575178146362,-2.906338189243297,-0.843371370912087
752,0.05232356862425804,0.423938286781311,-2.950308366509038,-0.8581673843876927
753,0.053798927044868466,0.4294247570037842,-2.9225017554172026,-0.8453087403233656
754,0.05535221908092499,0.4225359554290771,-2.89403852883485,-0.8614807341985617
755,0.05420029410123825,0.42243710708618165,-2.9150689443291506,-0.8617147022331216
756,0.054015610098838804,0.4227801685333252,-2.9184821982878293,-0.860902931163414
757,0.051704527378082274,0.42494130778312683,-2.962209931126125,-0.8558042189281304
758,0.05563171042203903,0.42680286169052123,-2.8890019089710646,-0.8514330545851679
759,0.05381957750916481,0.4231854009628296,-2.9221179837854487,-0.8599448958127782
760,0.05321446381807327,0.42615358543396,-2.933425043306624,-0.8529554685000983
761,0.05331455681324005,0.41927639961242674,-2.9315458741557525,-0.8692249115971552
762,0.05297108992338181,0.4229912583827972,-2.9380089873983524,-0.8604037659111076
763,0.055104106509685516,0.42177563977241517,-2.898531037293912,-0.863281765634121
764,0.05419963842630386,0.42338941764831545,-2.9150810416601933,-0.8594629143388429
765,0.056467436808347704,0.42927266597747804,-2.874091146652556,-0.8456629769236537
766,0.053927720737457274,0.42214698195457456,-2.9201106338775538,-0.8624017271174012
767,0.05371862003207207,0.4277314913272858,-2.923995595816539,-0.8492596369828544
768,0.05291539818644524,0.42544214057922364,-2.9390609014445364,-0.8546263200521168
769,0.05456401326656342,0.42760526299476626,-2.9083807112136304,-0.8495547916872397
770,0.05710806232690811,0.42711416697502136,-2.862809975669121,-0.8507039315255704
771,0.05447245956659317,0.42540884494781495,-2.9100600340880307,-0.8547045843592447
772,0.054276781475543975,0.4243284754753113,-2.9136587406234415,-0.8572474173705209
773,0.05310064424276352,0.42401144886016845,-2.9355662181757625,-0.8579948220860283
774,0.053184872508049014,0.4195290312767029,-2.9339812744225116,-0.8686225509957293
775,0.05259600838422775,0.4245140075683594,-2.94511504834939,-0.8568102759698282
776,0.05265570949316025,0.4209261813163757,-2.943980603866407,-0.8652978019651061
777,0.054740284848213194,0.4209142959117889,-2.905155371725613,-0.8653260386795647
778,0.051456393694877624,0.4222454800605774,-2.967020554357315,-0.8621684277669676
779,0.05399564368724823,0.4248608610630035,-2.9188519081304265,-0.8559935493942384
780,0.05274644687175751,0.42229421973228454,-2.9422588667759793,-0.8620530047222646
781,0.053648787760734555,0.42574521112442015,-2.925296405487184,-0.8539142075955647
782,0.05377793424129486,0.42415676403045655,-2.9228920401603915,-0.8576521655952488
783,0.05404452443122864,0.42980794739723205,-2.9179470456488725,-0.8444168040251099
784,0.05400194982290268,0.4178378551006317,-2.9187351252382037,-0.8726618281703715
785,0.05089019123911857,0.4220615062713623,-2.978085080496561,-0.8626042261083411
786,0.05421106774806976,0.42269385552406313,-2.9148701893890188,-0.8611071077722888
787,0.05208764581680298,0.4219904675483704,-2.954827482778823,-0.8627725539491923
788,0.05614679676890373,0.4263823416233063,-2.87978564717379,-0.8524188196913474
789,0.05273555462360382,0.42028837704658506,-2.9424653901266553,-0.866814191299232
790,0.05136535307168961,0.4236510033607483,-2.9687913985579257,-0.8588452679685854
791,0.05375685805082321,0.4236880457401276,-2.9232840284702637,-0.858757835719494
792,0.05136476248502731,0.42087238025665286,-2.9688028963871473,-0.8654256260366882
793,0.053304476511478426,0.42290999555587766,-2.931734964254909,-0.8605958990396286
794,0.052859988152980805,0.41869880771636964,-2.9401085939266998,-0.8706034535455943
795,0.05601604813337326,0.4203385515213013,-2.882117055491182,-0.8666948173580206
796,0.05338878779411316,0.4236078882217407,-2.9301545214643943,-0.8589470435639156
797,0.05172356590032578,0.4268839728832245,-2.961841781199832,-0.8512430289465792
798,0.05198606426715851,0.423280844449997,-2.9567795911800863,-0.859719385373138
799,0.05150983829498291,0.42096661376953126,-2.965982454703244,-0.8652017506544817
800,0.054377549755573275,0.4245778088569641,-2.911803898616167,-0.8566599947222868
801,0.052148564279079435,0.425105721950531,-2.953658628516833,-0.8554173834620835
802,0.052108245623111726,0.4285939037799835,-2.954432077426607,-0.8472454196089504
803,0.05158972610235214,0.4255348403453827,-2.9644327328625226,-0.8544084533680497
804,0.052254519605636596,0.42435157346725466,-2.9516288922486855,-0.8571929846264547
805,0.052110140812397,0.4197779350280762,-2.954395707850176,-0.8680294336532963
806,0.05074769554138184,0.4190446600914001,-2.9808890701428066,-0.8697777774097146
807,0.05376132433414459,0.42796705055236817,-2.923200948878982,-0.8487090710545423
808,0.04969424549937248,0.4240634696483612,-3.001866137303998,-0.8578721423861039
809,0.05219411009550095,0.42895896315574644,-2.9527856238792354,-0.8463940216091528
810,0.0519108921289444,0.42759722661972044,-2.9582266432197017,-0.8495735857743563
811,0.052696834486722945,0.42719433331489565,-2.9431998919044937,-0.850516256136452
812,0.051734820806980136,0.42556010055541993,-2.961624207602235,-0.854349094044358
813,0.05054255250096321,0.41988482809066774,-2.9849396737274927,-0.8677748241413252
814,0.052764988178014754,0.4232231161594391,-2.941907410908862,-0.8598557776248784
815,0.05099443802833557,0.42288641500473023,-2.9760387104730266,-0.8606516584419129
816,0.051281529712677,0.42760851311683656,-2.9704246362242204,-0.849547190962927
817,0.050570615220069885,0.42320455980300903,-2.9843845982519692,-0.8598996239143134
818,0.052979878079891206,0.4283282163143158,-2.9378430963886677,-0.8478655167401856
819,0.0530821074962616,0.43049298095703126,-2.9359153661567037,-0.8428242596444097
820,0.051577730095386506,0.42461724996566774,-2.964665286953935,-0.856567104147095
821,0.05432000539302826,0.43163436055183413,-2.9128626964491486,-0.8401764367377541
822,0.0513096487402916,0.42579091930389407,-2.969876459885031,-0.8538068529505073
823,0.052255822974443436,0.4295464208126068,-2.9516039498597366,-0.8450254623443639
824,0.05157373993992805,0.42369355845451356,-2.9647426519291327,-0.858744824546349
825,0.052291113126277926,0.4229020838737488,-2.9509288434531586,-0.8606146069354402
826,0.05345967720150947,0.4242812874317169,-2.9288276064207297,-0.8573586299577562
827,0.05184317426681519,0.4233387551307678,-2.95953199681397,-0.8595825808841093
828,0.05445513311624527,0.4220901665687561,-2.9103781619391524,-0.8625363229143371
829,0.05367126123905182,0.42447547101974487,-2.9248775931803466,-0.8569010581281774
830,0.055432256442308425,0.427842577457428,-2.8925936084174255,-0.8489999607378176
831,0.050639758425951004,0.42264149522781375,-2.983018271577204,-0.8612309883038903
832,0.05059716970920563,0.42420089268684386,-2.9838596388537946,-0.8575481324529115
833,0.049765865421295165,0.42216705989837644,-3.0004259632756636,-0.86235416674813
834,0.04925961111187935,0.4280299093723297,-3.0106507809234384,-0.8485622041309026
835,0.051050108993053435,0.4232204928398132,-2.974947599348209,-0.8598619760758986
836,0.04914868911504745,0.42407373881340027,-3.012905103852527,-0.8578479265754141
837,0.05236567321419716,0.42155222845077517,-2.9495039936533383,-0.8638115983013067
838,0.05089942938089371,0.4205068264007568,-2.9779035660799784,-0.8662945656919703
839,0.051715736818313596,0.42586184310913083,-2.961993156582716,-0.8536402972636573
840,0.051556327283382414,0.4231919574737549,-2.965080335345423,-0.8599294026976564
841,0.049999399542808534,0.4322570095062256,-2.9957442827699308,-0.8387349382258118
842,0.05217116769552231,0.4244114100933075,-2.953225279688788,-0.8570519873697153
843,0.052728450274467466,0.42604167890548705,-2.9426001156977915,-0.853218099692265
844,0.05362825568914414,0.42093284463882447,-2.925679191424992,-0.8652819719454865
845,0.05318550029397011,0.42522000670433047,-2.933969470648499,-0.8551485811651839
846,0.05186578634977341,0.4223214731216431,-2.9590959287407372,-0.8619884703083328
847,0.05258179695606232,0.42575696992874146,-2.945385284607048,-0.8538865886309074
848,0.05066846767663956,0.42094788908958436,-2.9824515011862585,-0.8652462318455917
849,0.050819600236415866,0.4257110493183136,-2.9794731673859958,-0.8539944508393154
850,0.049659259128570554,0.42817978048324584,-3.002570417890356,-0.8482121237376941
851,0.050031125164031985,0.42080520510673525,-2.9951099639481473,-0.8655852480849129
852,0.04943881847858429,0.4209010012149811,-3.007019364205153,-0.8653576244605652
853,0.051808995389938356,0.42632158613204957,-2.960191488616772,-0.8525613204806177
854,0.049093847560882566,0.42176312589645387,-3.0140215562919077,-0.8633114355828453
855,0.04958621006011963,0.4241075601577759,-3.0040425068882683,-0.8577681763040168
856,0.05136019970178604,0.42489837741851805,-2.9688917313333403,-0.85590525060597
857,0.049299681836366654,0.42438956308364867,-3.009837651577712,-0.8571034647132955
858,0.052274547797441485,0.42226568961143496,-2.9512456841603028,-0.8621205668230577
859,0.04976107206940651,0.4195952868461609,-3.0005222859801135,-0.8684646350155468
860,0.051506668615341186,0.43028131127357483,-2.966043992018724,-0.8433160719339575
861,0.05024946595430374,0.422018967628479,-2.990755359874477,-0.8627050189692937
862,0.04984429473876953,0.4272888400554657,-2.9988512376943475,-0.8502950540252796
863,0.05165908822417259,0.4242026090621948,-2.963089141021638,-0.8575440863230984
864,0.051109692311286925,0.42160635662078855,-2.9737811263475025,-0.86368320449486
865,0.052774984562397,0.4283377947807312,-2.9417179777651428,-0.8478431545446701
866,0.0495030264377594,0.42389687848091123,-3.00572147111972,-0.8582650644607288
867,0.05047783428430557,0.4231044635772705,-2.9862209641198807,-0.8601361716136525
868,0.04911785075068474,0.42307228660583496,-3.0135327511761676,-0.8602122242148239
869,0.04907907897830009,0.4239369339942932,-3.0143224250388116,-0.8581705753926534
870,0.049460091298818586,0.4215094027519226,-3.006589170978347,-0.8639131939553001
871,0.04949001822471619,0.4248757963180542,-3.0059842817679314,-0.8559583967268267
872,0.0527839497923851,0.4229368555545807,-2.9415481156864005,-0.8605323887276216
873,0.05043349418640137,0.42216704654693604,-2.9870997574412996,-0.8623541983740949
874,0.05051289749145508,0.42418086671829225,-2.9855265794383987,-0.8575953422575385
875,0.049175707185268404,0.42292467784881593,-3.0123555338186883,-0.8605611823428523
876,0.04891790980696678,0.42304564523696897,-3.017611695834631,-0.8602751973959187
877,0.05055437047481537,0.41664721655845643,-2.9847058787996525,-0.8755154187031617
878,0.049837427473068234,0.4212151527404785,-2.99898902154398,-0.8646115242020795
879,0.051643506652116776,0.42686541867256167,-2.9633908095749333,-0.8512864941855575
880,0.048496063071489334,0.42584086751937866,-3.0262726581171946,-0.8536895529241
881,0.05046901514530182,0.42461163687705994,-2.986395692485868,-0.8565803234068138
882,0.04957336344718933,0.4245636143684387,-3.0043016167764574,-0.8566934272887321
883,0.04974847543239593,0.4294649109840393,-3.000775460422046,-0.8452152382548671
884,0.05056152920126915,0.4207523512840271,-2.984564284322648,-0.8657108576106697
885,0.04955429898500442,0.4178014895915985,-3.004686261424625,-0.8727488645438672
886,0.05155632284879685,0.43036757922172547,-2.9650804213598074,-0.843115600058859
887,0.049249927020072935,0.4243350729942322,-3.0108473931910673,-0.8572318693505007
888,0.05043245216012001,0.43755522060394286,-2.987120419048495,-0.8265523626260576
889,0.049974005007743835,0.42082092428207396,-2.9962523085938995,-0.8655478937899554
890,0.04931389716863632,0.4228770480155945,-3.0095493478266144,-0.8606738088173918
891,0.05117207179069519,0.4180987668037415,-2.97256136859909,-0.8720375901486233
892,0.04884001886844635,0.4242004151344299,-3.019205243407882,-0.8575492582230148
893,0.05019837226867676,0.4169842052459717,-2.9917726777369107,-0.8747069350086729
894,0.048159767705202104,0.42140891814231873,-3.0332313013901704,-0.8641516147075582
895,0.051372513961791995,0.4259585950374603,-2.968651997374686,-0.853413132184228
896,0.050169830203056334,0.4229736456871033,-2.9923414249235076,-0.8604454052169742
897,0.04833896367549896,0.42150535917282106,-3.029517342176177,-0.86392278709479
898,0.04994889862537384,0.42694898891448974,-2.9967548236727346,-0.851090736790385
899,0.04819553568959236,0.42241927433013915,-3.0324888827630065,-0.8617569171146978
900,0.052287350368499755,0.42931998252868653,-2.9510008039248286,-0.8455527580641312
901,0.048953831946849824,0.42175659465789794,-3.01687763019214,-0.8633269212636111
902,0.05169510410428047,0.43364762806892393,-2.9623922001283023,-0.8355229915566486
903,0.0486779391169548,0.4191749625205994,-3.022529347072147,-0.8694668745705689
904,0.04859901075363159,0.4238838632106781,-3.0241521031463994,-0.8582957687916816
905,0.05030176091194153,0.42097542238235475,-2.9897151942995235,-0.8651808261431838
906,0.04805091291069984,0.4211075105667114,-3.035494144564219,-0.8648671083838714
907,0.05083912795186043,0.41714116096496584,-2.9790889856038163,-0.8743305989632663
908,0.04840216247439384,0.42264744424819944,-3.0282107870346247,-0.8612169125953179
909,0.051053040301799774,0.4288924598693848,-2.9748901807716543,-0.8465490677738146
910,0.048716704165935515,0.42354833030700684,-3.0217333063511975,-0.8590876502513939
911,0.04857808849215507,0.420505389213562,-3.0245827038118276,-0.8662979834477843
912,0.04895945303440094,0.42094446802139285,-3.0167628125234573,-0.8652543589372861
913,0.04909047120213508,0.4242556638717651,-3.014090332218478,-0.8574190246404396
914,0.04919499968290329,0.42804310512542726,-3.0119632931101186,-0.8485313755616681
915,0.04758545242547989,0.42236884903907773,-3.045228185769922,-0.8618762968496311
916,0.050400468456745146,0.42052124118804934,-2.987754809171321,-0.8662602867235281
917,0.05017939078211785,0.4225109887123108,-2.9921508787688573,-0.8615398237365967
918,0.047941767275333405,0.4196578075885773,-3.037768186338863,-0.8683156436255914
919,0.04957855930328369,0.4238281626701355,-3.0041968108189936,-0.8584271826183638
920,0.0467198980987072,0.42137154173851016,-3.0635851215709824,-0.8642403125490776
921,0.04999423711299896,0.42395103740692136,-2.9958475379366956,-0.8581373082321201
922,0.04866510750055313,0.42477979135513305,-3.0227929841149943,-0.8561843823255154
923,0.05054144096374512,0.43194379162788393,-2.984961666076232,-0.8394598111758146
924,0.048910216760635374,0.4222345042228699,-3.017768972614166,-0.8621944220780522
925,0.049758825445175174,0.4222371802330017,-3.0005674352274063,-0.8621880843637603
926,0.048990034973621366,0.4216692931652069,-3.016138369438841,-0.8635339376577323
927,0.04735035263299942,0.42142329025268555,-3.0501810120071493,-0.864117510385903
928,0.04887071450352669,0.4216358652114868,-3.0185769473132606,-0.8636132160859633
929,0.04715963451862335,0.42166420435905455,-3.054216953160144,-0.8635460059703687
930,0.04903975563049316,0.42212339305877683,-3.015123970431581,-0.8624576070736379
931,0.047740997838974,0.42203254127502443,-3.0419647567613155,-0.8626728558929805
932,0.047744225239753725,0.4211409723758697,-3.04189715675627,-0.8647876501008265
933,0.04816263893842697,0.42222020053863524,-3.033171684249657,-0.862228298813312
934,0.047933268332481384,0.4232313151359558,-3.037945478432063,-0.8598364051076729
935,0.0490944786131382,0.41951594638824463,-3.0140087023757602,-0.8686537409529012
936,0.04724545855522156,0.42364165711402896,-3.0523987448951564,-0.8588673294053373
937,0.04908524124622345,0.4332410066127777,-3.0141968749832038,-0.8364611085642999
938,0.047209292393922804,0.42270861911773683,-3.0531645330149226,-0.8610721809909793
939,0.0490394792675972,0.4247367162704468,-3.0151296059342694,-0.8562857931499939
940,0.048325148165225984,0.4220584921836853,-3.029803187876385,-0.8626113674808533
941,0.04870964089632034,0.4239111340045929,-3.0218783034692365,-0.8582314353289606
942,0.04932492156028748,0.42701768517494204,-3.009325817337521,-0.850929849339657
943,0.049070525538921356,0.42125190830230713,-3.0144967189535445,-0.8645242672313288
944,0.050309878039360045,0.43018159914016724,-2.9895538386647136,-0.8435478358662484
945,0.046944007933139804,0.42213064289093016,-3.05879970803002,-0.8624404325459607
946,0.04829401969909668,0.42233849239349364,-3.030447541743105,-0.861948171791657
947,0.047822930252552034,0.4241742310523987,-3.0402500421134477,-0.8576109858622298
948,0.047651174288988116,0.42168891978263856,-3.0438480051354677,-0.8634873936930589
949,0.04787538323402405,0.423754052400589,-3.0391538266251352,-0.8586020571459734
950,0.046100625330209734,0.4223940074443817,-3.0769287644249013,-0.8618167336121655
951,0.04930133866071701,0.4257713854312897,-3.0098040449407386,-0.8538527306801795
952,0.04750564272999763,0.42163912105560303,-3.046906780681288,-0.8636054941822682
953,0.048826369285583496,0.42725902986526487,-3.0194847578490265,-0.8503648223583647
954,0.04729602373838425,0.4232994780540466,-3.0513290517454927,-0.859675364496306
955,0.04653813800811767,0.42442008256912234,-3.067483130328683,-0.8570315534534667
956,0.04761246570944786,0.42008363604545595,-3.0446606673782965,-0.8673014540875933
957,0.0474722374022007,0.4214546427726746,-3.0476102145572157,-0.8640431164107495
958,0.04993414357304573,0.41579227781295774,-2.9970502702692876,-0.8775694756090925
959,0.046835378009080886,0.4212181386947632,-3.061116421272566,-0.8646044353220101
960,0.047027989214658734,0.4228506021499634,-3.057012339315387,-0.8607363487275734
961,0.04725722730159759,0.4226322054862976,-3.052149677975414,-0.8612529687381774
962,0.047080592358112336,0.4228316798210144,-3.0558944147212026,-0.8607810991719319
963,0.047630076867342,0.4218491413593292,-3.0442908503276724,-0.8631075137895949
964,0.04702893834114075,0.42028490924835205,-3.05699215735736,-0.8668224423304974
965,0.04878512569665909,0.42232217264175415,-3.0203298138823618,-0.8619868139409059
966,0.04757168383598328,0.42022272109985354,-3.0455175721498327,-0.8669704199249095
967,0.04804367380142212,0.42848930978775024,-3.0356448108928666,-0.8474894892420893
968,0.04742997591495514,0.42102627086639405,-3.0485008468946915,-0.8650600461387994
969,0.04677527366280556,0.4233125932216644,-3.0624005562179213,-0.8596443817875452
970,0.04757682344317436,0.42534625172615054,-3.045409538774574,-0.8548517318098378
971,0.04697289606332779,0.4225265007019043,-3.058184523119322,-0.8615031105971453
972,0.04850587078332901,0.4237195689678192,-3.0260704412853574,-0.8586834365114647
973,0.047775658416748044,0.41985579442977905,-3.041239007333852,-0.8678439732574251
974,0.049353261053562164,0.4224121127128601,-3.0087514351731324,-0.8617738710711654
975,0.04955965900421143,0.4183043863773346,-3.0045781027087193,-0.871545914389264
976,0.046970020520687106,0.4174371418952942,-3.0582457420540994,-0.8736213043608954
977,0.04963574102520943,0.4244720187187195,-3.003044119562434,-0.856909191260243
978,0.046276078855991366,0.42240056943893434,-3.0731301067804835,-0.8618011984874563
979,0.0479198869228363,0.42364026975631713,-3.038224684884816,-0.8588706042484984
980,0.047503960990905765,0.4247051739692688,-3.0469421821360076,-0.856360059092267
981,0.046897658145427706,0.42563111186027525,-3.059787537709905,-0.8541822424510044
982,0.04697887868881226,0.42025453472137453,-3.0580571678775854,-0.8668947162189119
983,0.04861793056726456,0.42552650094032285,-3.023762874404685,-0.8544280510272443
984,0.04791117029190063,0.42131551647186277,-3.0384066015037714,-0.8643732806923143
985,0.04580150388479233,0.4221098041534424,-3.083438352488588,-0.8624897993763819
986,0.04759075245857239,0.4216437380313873,-3.045116812699217,-0.8635945441772145
987,0.04563082668185234,0.4199400987625122,-3.0871717671380723,-0.8676431998702253
988,0.04634722773432732,0.4277222218513489,-3.071593800316179,-0.8492813084673414
989,0.04594823613166809,0.4242476086616516,-3.0802398176056274,-0.85743801150914
990,0.046056664270162584,0.4207812638282776,-3.077882808615485,-0.8656421436728242
991,0.04744264983534813,0.427130836725235,-3.048233669289599,-0.8506649034946343
992,0.045936316657066344,0.4216316819190979,-3.080499262187047,-0.8636231377114384
993,0.047599804282188414,0.42207217717170714,-3.044926629471947,-0.8625789436191934
994,0.045611600482463835,0.42203423619270325,-3.0875931982698512,-0.8626688398181294
995,0.04796318835616112,0.4255569615364075,-3.0373214715462247,-0.8543564702776689
996,0.046091135311126706,0.42119637799263,-3.077134640070415,-0.864656098017054
997,0.04579541217684746,0.42374730134010313,-3.0835713636906195,-0.8586179888266868
998,0.04669231986403465,0.4225322530269623,-3.0641755847047194,-0.861489496573191
999,0.04592222992181778,0.419825008392334,-3.0808059671346784,-0.8679173012109889
